Dataset,Train,Test,Length,Segmentation,Weights,3D_Acc,10D_Acc,NestedCV,NestedCVAcc,NestedCVAccStd,NestedCVF1,NestedCVF1Std,RuntimeSec,BestBaseline,DTW1NN_Acc,ROCKET_Acc,MiniROCKET_Acc,HC2_Acc,BestBaselineAcc,Gap,Gap_10D
GunPoint,50,150,150,fixed(15),"[0.1, 0.1, 0.8]",0.8,0.9066666666666666,0.9750±0.0224,0.975,0.0224,0.975,0.0224,107.8,ROCKET (1.0000),0.9067,1.0,0.9933,1.0,1.0,0.025,0.09333333333333338
Coffee,28,28,286,fixed(28),"[0.1, 0.8, 0.1]",0.9285714285714286,0.9285714285714286,1.0000±0.0000,1.0,0.0,1.0,0.0,37.7,DTW-1NN (1.0000),1.0,1.0,1.0,1.0,1.0,0.0,0.0714285714285714
ArrowHead,36,175,251,fixed(25),"[0.8, 0.1, 0.1]",0.7142857142857143,0.7028571428571428,0.8863±0.0232,0.8863,0.0232,0.8867,0.0226,131.4,HIVE-COTE 2.0 (0.8710),0.7029,0.8057,0.8514,0.871,0.871,-0.0152999999999999,0.16814285714285715
ECG200,100,100,96,fixed(10),"[0.33, 0.34, 0.33]",0.86,0.88,0.8600±0.0624,0.86,0.0624,0.8388,0.0733,112.2,ROCKET (0.9200),0.77,0.92,0.91,0.9,0.92,0.06,0.040000000000000036
Chinatown,20,343,24,fixed(10),"[0.1, 0.8, 0.1]",0.9271137026239068,0.9154518950437318,0.9807±0.0140,0.9807,0.014,0.977,0.0165,69.4,HIVE-COTE 2.0 (0.9830),0.9738,0.9825,0.9825,0.983,0.983,0.0022999999999999,0.06754810495626817
ItalyPowerDemand,67,1029,24,fixed(10),"[0.1, 0.1, 0.8]",0.9251700680272108,0.93488824101069,0.9608±0.0165,0.9608,0.0165,0.9608,0.0165,199.9,HIVE-COTE 2.0 (0.9700),0.9504,0.9699,0.964,0.97,0.97,0.0091999999999999,0.03511175898930996
SonyAIBORobotSurface1,20,601,70,fixed(10),"[0.2, 0.6, 0.2]",0.7603993344425957,0.7803660565723793,0.9855±0.0106,0.9855,0.0106,0.9853,0.0107,235.3,ROCKET (0.9168),0.7255,0.9168,0.8935,,0.9168,-0.0687000000000001,0.1364339434276206
TwoLeadECG,23,1139,82,fixed(10),"[0.1, 0.1, 0.8]",0.6382791922739245,0.6742756804214223,0.9871±0.0038,0.9871,0.0038,0.9871,0.0038,469.5,HIVE-COTE 2.0 (1.0000),0.9043,0.9991,0.9982,1.0,1.0,0.0129,0.3257243195785777
ECGFiveDays,23,861,136,fixed(13),"[0.1, 0.8, 0.1]",0.7816492450638792,0.7723577235772358,0.9989±0.0023,0.9989,0.0023,0.9989,0.0023,481.2,ROCKET (1.0000),0.7677,1.0,1.0,1.0,1.0,0.0010999999999999,0.22764227642276424
MoteStrain,20,1252,84,cpd(1.5),"[0.4, 0.4, 0.2]",0.7835463258785943,0.7907348242811502,0.8821±0.0065,0.8821,0.0065,0.8816,0.0064,430.5,MiniROCKET (0.9257),0.8347,0.9153,0.9257,,0.9257,0.0435999999999999,0.1349651757188498
Beef,30,30,470,fixed(47),"[0.1, 0.1, 0.8]",0.6333333333333333,0.6333333333333333,0.6000±0.0624,0.6,0.0624,0.6038,0.0701,57.8,MiniROCKET (0.8333),0.6333,0.8,0.8333,,0.8333,0.2333,0.19996666666666674
OliveOil,30,30,570,fixed(57),"[0.1, 0.8, 0.1]",0.9,0.8666666666666667,0.8833±0.0667,0.8833,0.0667,0.8193,0.1237,48.7,ROCKET (0.9333),0.8333,0.9333,0.9333,,0.9333,0.05,0.06663333333333332
Meat,60,60,448,fixed(44),"[0.1, 0.8, 0.1]",0.8833333333333333,0.8833333333333333,1.0000±0.0000,1.0,0.0,1.0,0.0,80.4,MiniROCKET (0.9667),0.9333,0.95,0.9667,,0.9667,-0.0332999999999999,0.0833666666666667
BeetleFly,20,20,512,fixed(51),"[0.2, 0.6, 0.2]",0.8,0.85,0.8500±0.1225,0.85,0.1225,0.8476,0.1244,27.2,ROCKET (0.9000),0.7,0.9,0.9,,0.9,0.05,0.050000000000000044
BirdChicken,20,20,512,fixed(51),"[0.8, 0.1, 0.1]",0.65,0.65,0.8250±0.0612,0.825,0.0612,0.8205,0.0646,27.4,ROCKET (0.9000),0.75,0.9,0.9,,0.9,0.075,0.25
FaceFour,24,88,350,fixed(35),"[0.3, 0.4, 0.3]",0.7954545454545454,0.7840909090909091,0.9285±0.0363,0.9285,0.0363,0.9253,0.0428,74.8,MiniROCKET (0.9886),0.8295,0.9773,0.9886,,0.9886,0.0601,0.20450909090909097
SyntheticControl,300,300,60,cpd(1.5),"[0.1, 0.1, 0.8]",0.9566666666666668,0.95,0.8700±0.0356,0.87,0.0356,0.8692,0.0349,187.6,ROCKET (1.0000),0.9933,1.0,0.9833,,1.0,0.13,0.050000000000000044
CBF,30,900,128,fixed(12),"[0.2, 0.6, 0.2]",0.8822222222222222,0.9211111111111112,0.9946±0.0068,0.9946,0.0068,0.9946,0.0068,526.6,ROCKET (1.0000),0.9967,1.0,0.9989,,1.0,0.0053999999999999,0.07888888888888879
TwoPatterns,1000,4000,128,fixed(12),"[0.1, 0.8, 0.1]",0.826,0.75775,0.8122±0.0086,0.8122,0.0086,0.8116,0.0085,4585.8,DTW-1NN (1.0000),1.0,1.0,0.9962,,1.0,0.1877999999999999,0.24224999999999997
Wafer,1000,6164,152,fixed(15),"[0.1, 0.1, 0.8]",0.9857235561323816,0.9892926670992862,0.9983±0.0009,0.9983,0.0009,0.9956,0.0025,15986.3,MiniROCKET (0.9994),0.9799,0.9985,0.9994,,0.9994,0.0010999999999999,0.01010733290071375
FordA,3601,1320,500,fixed(50),"[0.4, 0.2, 0.4]",0.615909090909091,0.6272727272727273,0.6151±0.0078,0.6151,0.0078,0.615,0.0078,14612.7,MiniROCKET (0.9508),0.5545,0.9409,0.9508,,0.9508,0.3357,0.32352727272727266
Yoga,300,3000,426,fixed(42),"[0.1, 0.1, 0.8]",0.7716666666666666,0.7933333333333333,0.9245±0.0124,0.9245,0.0124,0.9241,0.0126,2984.5,ROCKET (0.9173),0.8363,0.9173,0.907,,0.9173,-0.0071999999999999,0.12396666666666667
SwedishLeaf,500,625,128,fixed(12),"[0.4, 0.4, 0.2]",0.8608,0.8656,0.8951±0.0118,0.8951,0.0118,0.8937,0.0123,605.9,MiniROCKET (0.9696),0.792,0.9632,0.9696,,0.9696,0.0745,0.10399999999999998
